alter_dateiname,neuer_dateiname
101337.xlsx,101337_new.xlsx
141183.docx,141183_new.docx
199490.xlsx,199490_new.xlsx
249632.pdf,249632_new.pdf
330057.jpg,330057_new.jpg
380508.xlsx,380508_new.xlsx
431455.xlsx,431455_new.xlsx
528172.jpg,528172_new.jpg
582307.docx,582307_new.docx
644964.xlsx,644964_new.xlsx
680937.jpg,680937_new.jpg
743957.xlsx,743957_new.xlsx
794904.jpg,794904_new.jpg
833466.docx,833466_new.docx
897520.pdf,897520_new.pdf
954826.docx,954826_new.docx
105610.xlsx,105610_new.xlsx
145645.docx,145645_new.docx
199750.pdf,199750_new.pdf
254208.docx,254208_new.docx
330845.jpg,330845_new.jpg
382410.pdf,382410_new.pdf
432454.docx,432454_new.docx
530111.xlsx,530111_new.xlsx
595618.jpg,595618_new.jpg
646479.pdf,646479_new.pdf
683707.jpg,683707_new.jpg
744684.xlsx,744684_new.xlsx
795739.pdf,795739_new.pdf
833550.jpg,833550_new.jpg
898338.docx,898338_new.docx
958981.jpg,958981_new.jpg
108145.pdf,108145_new.pdf
148452.pdf,148452_new.pdf
203825.pdf,203825_new.pdf
257629.xlsx,257629_new.xlsx
331130.pdf,331130_new.pdf
383402.pdf,383402_new.pdf
436689.docx,436689_new.docx
534642.xlsx,534642_new.xlsx
595641.docx,595641_new.docx
646742.xlsx,646742_new.xlsx
688409.jpg,688409_new.jpg
745220.xlsx,745220_new.xlsx
798337.docx,798337_new.docx
835311.jpg,835311_new.jpg
902652.docx,902652_new.docx
959029.pdf,959029_new.pdf
108819.docx,108819_new.docx
152842.docx,152842_new.docx
204012.pdf,204012_new.pdf
260572.docx,260572_new.docx
336477.xlsx,336477_new.xlsx
383444.pdf,383444_new.pdf
440276.xlsx,440276_new.xlsx
541079.docx,541079_new.docx
600423.xlsx,600423_new.xlsx
649225.xlsx,649225_new.xlsx
692646.xlsx,692646_new.xlsx
745777.jpg,745777_new.jpg
799337.xlsx,799337_new.xlsx
837790.docx,837790_new.docx
904114.docx,904114_new.docx
970349.xlsx,970349_new.xlsx
109214.pdf,109214_new.pdf
161029.docx,161029_new.docx
209731.pdf,209731_new.pdf
261024.pdf,261024_new.pdf
338051.jpg,338051_new.jpg
383840.pdf,383840_new.pdf
448219.xlsx,448219_new.xlsx
543596.docx,543596_new.docx
606362.docx,606362_new.docx
649676.pdf,649676_new.pdf
696525.xlsx,696525_new.xlsx
748315.pdf,748315_new.pdf
802110.pdf,802110_new.pdf
841978.xlsx,841978_new.xlsx
904829.jpg,904829_new.jpg
971618.jpg,971618_new.jpg
110340.pdf,110340_new.pdf
163914.jpg,163914_new.jpg
213575.docx,213575_new.docx
266829.jpg,266829_new.jpg
342737.docx,342737_new.docx
388093.xlsx,388093_new.xlsx
454703.pdf,454703_new.pdf
543760.docx,543760_new.docx
606510.xlsx,606510_new.xlsx
650067.jpg,650067_new.jpg
705348.xlsx,705348_new.xlsx
752859.docx,752859_new.docx
806622.xlsx,806622_new.xlsx
842764.docx,842764_new.docx
907168.xlsx,907168_new.xlsx
971884.pdf,971884_new.pdf
111350.pdf,111350_new.pdf
165880.docx,165880_new.docx
216354.jpg,216354_new.jpg
269144.xlsx,269144_new.xlsx
345575.jpg,345575_new.jpg
391810.pdf,391810_new.pdf
458057.jpg,458057_new.jpg
548305.docx,548305_new.docx
608211.xlsx,608211_new.xlsx
653523.jpg,653523_new.jpg
705596.xlsx,705596_new.xlsx
755428.pdf,755428_new.pdf
808657.xlsx,808657_new.xlsx
843956.docx,843956_new.docx
908177.docx,908177_new.docx
973849.jpg,973849_new.jpg
114063.jpg,114063_new.jpg
167395.xlsx,167395_new.xlsx
218022.xlsx,218022_new.xlsx
281402.pdf,281402_new.pdf
349229.jpg,349229_new.jpg
393277.pdf,393277_new.pdf
465229.xlsx,465229_new.xlsx
551998.pdf,551998_new.pdf
612701.docx,612701_new.docx
654475.pdf,654475_new.pdf
709827.pdf,709827_new.pdf
757282.docx,757282_new.docx
810627.docx,810627_new.docx
855519.pdf,855519_new.pdf
908510.pdf,908510_new.pdf
976365.pdf,976365_new.pdf
117316.xlsx,117316_new.xlsx
168831.pdf,168831_new.pdf
219130.xlsx,219130_new.xlsx
289794.jpg,289794_new.jpg
350115.docx,350115_new.docx
394433.pdf,394433_new.pdf
477492.xlsx,477492_new.xlsx
557632.pdf,557632_new.pdf
615247.docx,615247_new.docx
655728.jpg,655728_new.jpg
716542.docx,716542_new.docx
764231.docx,764231_new.docx
811353.xlsx,811353_new.xlsx
856550.docx,856550_new.docx
919599.docx,919599_new.docx
978135.pdf,978135_new.pdf
117488.xlsx,117488_new.xlsx
172717.jpg,172717_new.jpg
227396.xlsx,227396_new.xlsx
290173.pdf,290173_new.pdf
352395.docx,352395_new.docx
396961.jpg,396961_new.jpg
478445.docx,478445_new.docx
558332.xlsx,558332_new.xlsx
619395.xlsx,619395_new.xlsx
659304.docx,659304_new.docx
717156.docx,717156_new.docx
765233.docx,765233_new.docx
815560.xlsx,815560_new.xlsx
864141.pdf,864141_new.pdf
920733.jpg,920733_new.jpg
980750.xlsx,980750_new.xlsx
117561.xlsx,117561_new.xlsx
172939.docx,172939_new.docx
227482.docx,227482_new.docx
296939.pdf,296939_new.pdf
352584.jpg,352584_new.jpg
401387.jpg,401387_new.jpg
480079.jpg,480079_new.jpg
563232.jpg,563232_new.jpg
622517.docx,622517_new.docx
660974.xlsx,660974_new.xlsx
720476.docx,720476_new.docx
768232.docx,768232_new.docx
815947.pdf,815947_new.pdf
865843.docx,865843_new.docx
920936.jpg,920936_new.jpg
989116.docx,989116_new.docx
118975.jpg,118975_new.jpg
174128.docx,174128_new.docx
227614.docx,227614_new.docx
303203.pdf,303203_new.pdf
354640.jpg,354640_new.jpg
406857.docx,406857_new.docx
490934.jpg,490934_new.jpg
564245.jpg,564245_new.jpg
627189.pdf,627189_new.pdf
661811.xlsx,661811_new.xlsx
723923.xlsx,723923_new.xlsx
768961.xlsx,768961_new.xlsx
816918.jpg,816918_new.jpg
867900.pdf,867900_new.pdf
922929.pdf,922929_new.pdf
993283.docx,993283_new.docx
126043.jpg,126043_new.jpg
174152.xlsx,174152_new.xlsx
232427.xlsx,232427_new.xlsx
307408.xlsx,307408_new.xlsx
362878.jpg,362878_new.jpg
411494.xlsx,411494_new.xlsx
492346.jpg,492346_new.jpg
565277.jpg,565277_new.jpg
631541.xlsx,631541_new.xlsx
664679.xlsx,664679_new.xlsx
724815.jpg,724815_new.jpg
772690.docx,772690_new.docx
822131.pdf,822131_new.pdf
877874.pdf,877874_new.pdf
924940.jpg,924940_new.jpg
994171.jpg,994171_new.jpg
126300.xlsx,126300_new.xlsx
175297.docx,175297_new.docx
232817.docx,232817_new.docx
308437.jpg,308437_new.jpg
363800.docx,363800_new.docx
415678.docx,415678_new.docx
496662.jpg,496662_new.jpg
566369.pdf,566369_new.pdf
633117.jpg,633117_new.jpg
665494.docx,665494_new.docx
728159.jpg,728159_new.jpg
774780.docx,774780_new.docx
823351.jpg,823351_new.jpg
883184.jpg,883184_new.jpg
928177.xlsx,928177_new.xlsx
996090.jpg,996090_new.jpg
129898.pdf,129898_new.pdf
178149.xlsx,178149_new.xlsx
233497.docx,233497_new.docx
308917.docx,308917_new.docx
366032.pdf,366032_new.pdf
415826.docx,415826_new.docx
499628.xlsx,499628_new.xlsx
566798.pdf,566798_new.pdf
635063.jpg,635063_new.jpg
666624.docx,666624_new.docx
730771.jpg,730771_new.jpg
778779.pdf,778779_new.pdf
823407.xlsx,823407_new.xlsx
885713.xlsx,885713_new.xlsx
936825.xlsx,936825_new.xlsx
999986.docx,999986_new.docx
133774.xlsx,133774_new.xlsx
184227.xlsx,184227_new.xlsx
234373.xlsx,234373_new.xlsx
310508.docx,310508_new.docx
368239.pdf,368239_new.pdf
417287.pdf,417287_new.pdf
512064.xlsx,512064_new.xlsx
567982.pdf,567982_new.pdf
635920.pdf,635920_new.pdf
667362.pdf,667362_new.pdf
731619.pdf,731619_new.pdf
779112.pdf,779112_new.pdf
827626.pdf,827626_new.pdf
886590.docx,886590_new.docx
945303.pdf,945303_new.pdf
135326.pdf,135326_new.pdf
185766.jpg,185766_new.jpg
236071.jpg,236071_new.jpg
317578.xlsx,317578_new.xlsx
372315.pdf,372315_new.pdf
421023.jpg,421023_new.jpg
515705.jpg,515705_new.jpg
572083.jpg,572083_new.jpg
636652.docx,636652_new.docx
673514.xlsx,673514_new.xlsx
733996.pdf,733996_new.pdf
784142.pdf,784142_new.pdf
827925.docx,827925_new.docx
892916.jpg,892916_new.jpg
949084.pdf,949084_new.pdf
138224.pdf,138224_new.pdf
190121.docx,190121_new.docx
242198.pdf,242198_new.pdf
322893.xlsx,322893_new.xlsx
372968.pdf,372968_new.pdf
421431.jpg,421431_new.jpg
516930.xlsx,516930_new.xlsx
577900.pdf,577900_new.pdf
638118.pdf,638118_new.pdf
674599.docx,674599_new.docx
735668.jpg,735668_new.jpg
784782.jpg,784782_new.jpg
829358.xlsx,829358_new.xlsx
895311.pdf,895311_new.pdf
949422.pdf,949422_new.pdf
141121.docx,141121_new.docx
190943.pdf,190943_new.pdf
246457.jpg,246457_new.jpg
325636.pdf,325636_new.pdf
374217.xlsx,374217_new.xlsx
427830.docx,427830_new.docx
516975.jpg,516975_new.jpg
582026.pdf,582026_new.pdf
640048.pdf,640048_new.pdf
674753.pdf,674753_new.pdf
738035.jpg,738035_new.jpg
786924.jpg,786924_new.jpg
830610.jpg,830610_new.jpg
896946.pdf,896946_new.pdf
953374.pdf,953374_new.pdf
